date,avarage
1750-01-01,3.0340000000000003
1750-02-01,3083
1750-03-01,5626
1750-04-01,8.49
1750-05-01,11573
1750-06-01,12.937000000000001
1750-07-01,15868
1750-08-01,14.75
1750-09-01,11.412999999999998
1750-10-01,6.366999999999999
1750-11-01,
1750-12-01,2772
1751-01-01,2495
1751-02-01,963
1751-03-01,5.8
1751-04-01,7.67
1751-05-01,
1751-06-01,13827
1751-07-01,
1751-08-01,14405
1751-09-01,10673
1751-10-01,
1751-11-01,
1751-12-01,
1752-01-01,0.3480000000000003
1752-02-01,
1752-03-01,5806
1752-04-01,8.264999999999999
1752-05-01,
1752-06-01,
1752-07-01,
1752-08-01,
1752-09-01,
1752-10-01,7.838999999999999
1752-11-01,7335
1752-12-01,5086
1753-01-01,2039
1753-02-01,0.7149999999999999
1753-03-01,5.4239999999999995
1753-04-01,8272
1753-05-01,12186
1753-06-01,14585
1753-07-01,15092
1753-08-01,14148
1753-09-01,13.322000000000001
1753-10-01,8962
1753-11-01,5353
1753-12-01,0.5589999999999997
1754-01-01,1574
1754-02-01,-1.2489999999999997
1754-03-01,3677
1754-04-01,11.61
1754-05-01,11936
1754-06-01,14388
1754-07-01,14681
1754-08-01,13556
1754-09-01,11.129000000000001
1754-10-01,9582
1754-11-01,6.1610000000000005
1754-12-01,4587
1755-01-01,1067
1755-02-01,-0.1080000000000001
1755-03-01,3.6069999999999998
1755-04-01,9263
1755-05-01,12.880999999999998
1755-06-01,15.38
1755-07-01,14397
1755-08-01,13515
1755-09-01,11773
1755-10-01,9.97
1755-11-01,5.957999999999999
1755-12-01,2.5639999999999996
1756-01-01,3887
1756-02-01,5666
1756-03-01,4192
1756-04-01,10042
1756-05-01,14.163999999999998
1756-06-01,14547
1756-07-01,13.905999999999999
1756-08-01,13.437000000000001
1756-09-01,12.652000000000001
1756-10-01,7.3119999999999985
1756-11-01,4225
1756-12-01,2165
1757-01-01,-0.27600000000000025
1757-02-01,3704
1757-03-01,4529
1757-04-01,8.245999999999999
1757-05-01,13.039000000000001
1757-06-01,17115
1757-07-01,17.61
1757-08-01,17.91
1757-09-01,14852
1757-10-01,6.481999999999998
1757-11-01,4032
1757-12-01,1.0210000000000004
1758-01-01,-1.5029999999999997
1758-02-01,0.8059999999999999
1758-03-01,3765
1758-04-01,7.209999999999999
1758-05-01,9715
1758-06-01,13.139000000000001
1758-07-01,13.847000000000001
1758-08-01,11818
1758-09-01,10028
1758-10-01,1.8939999999999992
1758-11-01,6955
1758-12-01,3249
1759-01-01,5.013999999999999
1759-02-01,4082
1759-03-01,4.52
1759-04-01,5983
1759-05-01,10189
1759-06-01,13512
1759-07-01,12526
1759-08-01,14587
1759-09-01,12626
1759-10-01,8.267000000000001
1759-11-01,4.268000000000002
1759-12-01,0.2469999999999999
1760-01-01,-0.8109999999999999
1760-02-01,2436
1760-03-01,1864
1760-04-01,7.435999999999999
1760-05-01,10661
1760-06-01,11945
1760-07-01,12887
1760-08-01,13917
1760-09-01,11.197000000000001
1760-10-01,6.7010000000000005
1760-11-01,5436
1760-12-01,2553
1761-01-01,0.6000000000000001
1761-02-01,2735
1761-03-01,5976
1761-04-01,7.321000000000001
1761-05-01,13451
1761-06-01,16.820999999999998
1761-07-01,19021
1761-08-01,15331
1761-09-01,12.534999999999998
1761-10-01,7.2269999999999985
1761-11-01,5.0889999999999995
1761-12-01,-0.8370000000000002
1762-01-01,6.8660000000000005
1762-02-01,4801
1762-03-01,3.5280000000000005
1762-04-01,9019
1762-05-01,10.880999999999998
1762-06-01,13499
1762-07-01,14.72
1762-08-01,13992
1762-09-01,10326
1762-10-01,6.156000000000001
1762-11-01,6.367000000000001
1762-12-01,3123
1763-01-01,1.3690000000000002
1763-02-01,0.7709999999999999
1763-03-01,1.5760000000000003
1763-04-01,7.870999999999999
1763-05-01,10701
1763-06-01,12271
1763-07-01,16391
1763-08-01,14126
1763-09-01,11378
1763-10-01,5535
1763-11-01,4588
1763-12-01,3384
1764-01-01,1.7409999999999999
1764-02-01,6.162000000000001
1764-03-01,5521
1764-04-01,7.879999999999999
1764-05-01,11175
1764-06-01,11723
1764-07-01,12507
1764-08-01,12282
1764-09-01,10696
1764-10-01,10.011000000000001
1764-11-01,5791
1764-12-01,5315
1765-01-01,3.78
1765-02-01,3832
1765-03-01,6859
1765-04-01,9013
1765-05-01,10.734000000000002
1765-06-01,10.832999999999998
1765-07-01,13953
1765-08-01,13.12
1765-09-01,10993
1765-10-01,7904
1765-11-01,5603
1765-12-01,2399
1766-01-01,-0.7930000000000001
1766-02-01,4896
1766-03-01,6062
1766-04-01,8007
1766-05-01,11228
1766-06-01,13653
1766-07-01,13555
1766-08-01,13758
1766-09-01,12.25
1766-10-01,8465
1766-11-01,7.4540000000000015
1766-12-01,2333
1767-01-01,-0.6430000000000002
1767-02-01,3932
1767-03-01,7022
1767-04-01,6278
1767-05-01,10193
1767-06-01,14112
1767-07-01,13.360999999999999
1767-08-01,14.597000000000001
1767-09-01,11675
1767-10-01,9.027000000000001
1767-11-01,7915
1767-12-01,1189
1768-01-01,-2.08
1768-02-01,0.5060000000000002
1768-03-01,2.4459999999999997
1768-04-01,6.92
1768-05-01,9066
1768-06-01,12.489999999999998
1768-07-01,13875
1768-08-01,12352
1768-09-01,10.824000000000002
1768-10-01,7.728999999999999
1768-11-01,4581
1768-12-01,2667
1769-01-01,2305
1769-02-01,2164
1769-03-01,4.57
1769-04-01,8.966999999999997
1769-05-01,12873
1769-06-01,15.142000000000001
1769-07-01,14.460999999999999
1769-08-01,13.494000000000002
1769-09-01,11.25
1769-10-01,5.296999999999999
1769-11-01,2.79
1769-12-01,-0.9780000000000002
1770-01-01,1974
1770-02-01,4105
1770-03-01,1.6119999999999999
1770-04-01,9788
1770-05-01,9996
1770-06-01,11884
1770-07-01,11.620999999999999
1770-08-01,11413
1770-09-01,10724
1770-10-01,8661
1770-11-01,5791
1770-12-01,4734
1771-01-01,5101
1771-02-01,-0.27399999999999997
1771-03-01,2.8139999999999996
1771-04-01,5.716999999999999
1771-05-01,9626
1771-06-01,14.104000000000001
1771-07-01,13828
1771-08-01,14204
1771-09-01,11363
1771-10-01,10317
1771-11-01,4916
1771-12-01,2522
1772-01-01,1253
1772-02-01,1.4780000000000002
1772-03-01,3057
1772-04-01,8.857999999999997
1772-05-01,9531
1772-06-01,12.646999999999998
1772-07-01,14581
1772-08-01,14.097999999999999
1772-09-01,10303
1772-10-01,9268
1772-11-01,7.736000000000001
1772-12-01,5.5120000000000005
1773-01-01,-0.43699999999999983
1773-02-01,1.4209999999999998
1773-03-01,4.4220000000000015
1773-04-01,9415
1773-05-01,12.764000000000001
1773-06-01,12811
1773-07-01,14.484000000000002
1773-08-01,13624
1773-09-01,12488
1773-10-01,9206
1773-11-01,3369
1773-12-01,5.090999999999998
1774-01-01,-0.3249999999999997
1774-02-01,4914
1774-03-01,5643
1774-04-01,10153
1774-05-01,16025
1774-06-01,15371
1774-07-01,16521
1774-08-01,14099
1774-09-01,10936
1774-10-01,8.59
1774-11-01,3029
1774-12-01,0.31000000000000005
1775-01-01,4261
1775-02-01,6.4270000000000005
1775-03-01,7.7589999999999995
1775-04-01,7.951999999999999
1775-05-01,11.399000000000001
1775-06-01,12314
1775-07-01,14.719000000000001
1775-08-01,14435
1775-09-01,11.095999999999998
1775-10-01,10372
1775-11-01,8179
1775-12-01,1.2839999999999998
1776-01-01,-0.8059999999999999
1776-02-01,4825
1776-03-01,4652
1776-04-01,7.439999999999999
1776-05-01,10475
1776-06-01,14564
1776-07-01,14.107999999999999
1776-08-01,14837
1776-09-01,10602
1776-10-01,8.059999999999999
1776-11-01,5.87
1776-12-01,5021
1777-01-01,6.021000000000001
1777-02-01,4.9190000000000005
1777-03-01,5572
1777-04-01,6.361999999999999
1777-05-01,11.389000000000001
1777-06-01,12323
1777-07-01,12743
1777-08-01,12815
1777-09-01,11.379000000000001
1777-10-01,6956
1777-11-01,5529
1777-12-01,3.0669999999999997
1778-01-01,2521
1778-02-01,6.0939999999999985
1778-03-01,4604
1778-04-01,10.983999999999998
1778-05-01,11286
1778-06-01,11731
1778-07-01,15037
1778-08-01,12.869000000000002
1778-09-01,13377
1778-10-01,8049
1778-11-01,3.8539999999999996
1778-12-01,2101
1779-01-01,1.4700000000000002
1779-02-01,5.14
1779-03-01,6.9670000000000005
1779-04-01,9965
1779-05-01,14.18
1779-06-01,12547
1779-07-01,13659
1779-08-01,13.799000000000001
1779-09-01,12683
1779-10-01,9.35
1779-11-01,5.7700000000000005
1779-12-01,2269
1780-01-01,2515
1780-02-01,4.08
1780-03-01,5724
1780-04-01,13.732000000000001
1780-05-01,15.756999999999998
1780-06-01,14747
1780-07-01,16183
1780-08-01,12.947000000000001
1780-09-01,8844
1780-10-01,9376
1780-11-01,6706
1780-12-01,2.5839999999999996
1781-01-01,2401
1781-02-01,2267
1781-03-01,4772
1781-04-01,6.922999999999999
1781-05-01,11102
1781-06-01,11678
1781-07-01,14285
1781-08-01,14.140999999999998
1781-09-01,10.303999999999998
1781-10-01,8.546999999999999
1781-11-01,7523
1781-12-01,3.2880000000000003
1782-01-01,0.3410000000000002
1782-02-01,0.6389999999999998
1782-03-01,2565
1782-04-01,8.617999999999999
1782-05-01,10.989999999999998
1782-06-01,13.800999999999998
1782-07-01,13925
1782-08-01,15683
1782-09-01,12398
1782-10-01,8978
1782-11-01,4956
1782-12-01,1921
1783-01-01,-1.4310000000000005
1783-02-01,5.2940000000000005
1783-03-01,4.7989999999999995
1783-04-01,8574
1783-05-01,11819
1783-06-01,14.34
1783-07-01,13069
1783-08-01,13.970999999999998
1783-09-01,9.957999999999998
1783-10-01,7.356999999999998
1783-11-01,2.1959999999999997
1783-12-01,2224
1784-01-01,2596
1784-02-01,989
1784-03-01,3.9189999999999996
1784-04-01,8.142000000000001
1784-05-01,10013
1784-06-01,12803
1784-07-01,14947
1784-08-01,15.860999999999999
1784-09-01,10.265999999999998
1784-10-01,6.8359999999999985
1784-11-01,4.5569999999999995
1784-12-01,3415
1785-01-01,865
1785-02-01,1045
1785-03-01,2289
1785-04-01,6379
1785-05-01,9853
1785-06-01,13.744000000000002
1785-07-01,14468
1785-08-01,14466
1785-09-01,10497
1785-10-01,7.350999999999999
1785-11-01,5526
1785-12-01,1.8730000000000002
1786-01-01,0.7630000000000001
1786-02-01,2657
1786-03-01,5648
1786-04-01,9318
1786-05-01,11.582999999999998
1786-06-01,13035
1786-07-01,15294
1786-08-01,14455
1786-09-01,12158
1786-10-01,7.712000000000001
1786-11-01,5.7410000000000005
1786-12-01,0.7339999999999995
1787-01-01,2845
1787-02-01,2563
1787-03-01,4698
1787-04-01,7.7719999999999985
1787-05-01,11403
1787-06-01,14.369000000000002
1787-07-01,13.450999999999999
1787-08-01,13555
1787-09-01,10.357000000000001
1787-10-01,7.7719999999999985
1787-11-01,5801
1787-12-01,1.7959999999999998
1788-01-01,0.7350000000000001
1788-02-01,3.5810000000000004
1788-03-01,5336
1788-04-01,8.713999999999999
1788-05-01,10428
1788-06-01,13808
1788-07-01,16468
1788-08-01,13885
1788-09-01,11.699000000000002
1788-10-01,9349
1788-11-01,6.111000000000001
1788-12-01,1.2519999999999998
1789-01-01,3.7060000000000004
1789-02-01,1675
1789-03-01,3989
1789-04-01,7.693999999999999
1789-05-01,11666
1789-06-01,13507
1789-07-01,15462
1789-08-01,13.84
1789-09-01,12018
1789-10-01,7.39
1789-11-01,5.9639999999999995
1789-12-01,3099
1790-01-01,2444
1790-02-01,2.9730000000000003
1790-03-01,4582
1790-04-01,6.052999999999999
1790-05-01,10.357000000000001
1790-06-01,13746
1790-07-01,13.812000000000001
1790-08-01,13925
1790-09-01,11233
1790-10-01,8577
1790-11-01,5331
1790-12-01,2755
1791-01-01,1493
1791-02-01,3466
1791-03-01,4.79
1791-04-01,9127
1791-05-01,9859
1791-06-01,13231
1791-07-01,13612
1791-08-01,13.744000000000002
1791-09-01,11677
1791-10-01,8.08
1791-11-01,6206
1791-12-01,3.5260000000000002
1792-01-01,0.3480000000000003
1792-02-01,3.62
1792-03-01,4.428999999999999
1792-04-01,7994
1792-05-01,11321
1792-06-01,13581
1792-07-01,14212
1792-08-01,12.280999999999999
1792-09-01,12491
1792-10-01,8.097000000000001
1792-11-01,5306
1792-12-01,3388
1793-01-01,0.5209999999999999
1793-02-01,4745
1793-03-01,5042
1793-04-01,8.642999999999999
1793-05-01,11.059000000000001
1793-06-01,13146
1793-07-01,14.335999999999999
1793-08-01,13.16
1793-09-01,12002
1793-10-01,8.392999999999999
1793-11-01,5666
1793-12-01,2037
1794-01-01,3.71
1794-02-01,3605
1794-03-01,5.696000000000001
1794-04-01,9367
1794-05-01,12376
1794-06-01,11.994000000000002
1794-07-01,12874
1794-08-01,13.484000000000002
1794-09-01,11896
1794-10-01,9108
1794-11-01,5284
1794-12-01,2918
1795-01-01,2.7310000000000003
1795-02-01,4.39
1795-03-01,5709
1795-04-01,8918
1795-05-01,11.029000000000002
1795-06-01,13293
1795-07-01,14295
1795-08-01,13.14
1795-09-01,11133
1795-10-01,7.7860000000000005
1795-11-01,5.207000000000001
1795-12-01,2573
1796-01-01,2.8440000000000003
1796-02-01,2736
1796-03-01,3477
1796-04-01,7773
1796-05-01,11273
1796-06-01,14216
1796-07-01,14314
1796-08-01,14.722000000000001
1796-09-01,12012
1796-10-01,8924
1796-11-01,5.702000000000001
1796-12-01,1.2590000000000001
1797-01-01,4396
1797-02-01,4957
1797-03-01,4056
1797-04-01,6.6
1797-05-01,10417
1797-06-01,13852
1797-07-01,14.107000000000001
1797-08-01,14.04
1797-09-01,12.459000000000001
1797-10-01,9191
1797-11-01,4777
1797-12-01,3275
1798-01-01,2.6790000000000003
1798-02-01,3213
1798-03-01,7.007999999999999
1798-04-01,8083
1798-05-01,11.768999999999998
1798-06-01,13246
1798-07-01,14.950999999999999
1798-08-01,14.754000000000001
1798-09-01,11627
1798-10-01,8655
1798-11-01,6.031000000000001
1798-12-01,2027
1799-01-01,1923
1799-02-01,2.0780000000000003
1799-03-01,3986
1799-04-01,8786
1799-05-01,11353
1799-06-01,13.68
1799-07-01,14.869000000000002
1799-08-01,14.085999999999999
1799-09-01,12311
1799-10-01,9606
1799-11-01,5904
1799-12-01,3487
1800-01-01,2815
1800-02-01,3634
1800-03-01,4452
1800-04-01,9125
1800-05-01,11.097000000000001
1800-06-01,13606
1800-07-01,13763
1800-08-01,13.619000000000002
1800-09-01,10795
1800-10-01,9469
1800-11-01,5572
1800-12-01,3864
1801-01-01,2.6870000000000003
1801-02-01,3.1489999999999996
1801-03-01,6455
1801-04-01,7404
1801-05-01,12123
1801-06-01,12536
1801-07-01,14.675999999999998
1801-08-01,13.187000000000001
1801-09-01,11462
1801-10-01,9099
1801-11-01,5.72
1801-12-01,4.5779999999999985
1802-01-01,3.74
1802-02-01,2.8280000000000003
1802-03-01,5.2010000000000005
1802-04-01,7.622999999999998
1802-05-01,10457
1802-06-01,14.470999999999998
1802-07-01,14628
1802-08-01,14.039000000000001
1802-09-01,11.787999999999998
1802-10-01,9747
1802-11-01,5535
1802-12-01,2.8810000000000002
1803-01-01,0.6019999999999999
1803-02-01,1443
1803-03-01,4875
1803-04-01,9291
1803-05-01,11795
1803-06-01,13821
1803-07-01,15106
1803-08-01,15366
1803-09-01,12.33
1803-10-01,9119
1803-11-01,5961
1803-12-01,2327
1804-01-01,2.4450000000000003
1804-02-01,1939
1804-03-01,4425
1804-04-01,10057
1804-05-01,12.107000000000001
1804-06-01,13.774000000000001
1804-07-01,15774
1804-08-01,14511
1804-09-01,12468
1804-10-01,9282
1804-11-01,7.132000000000001
1804-12-01,2224
1805-01-01,2822
1805-02-01,2557
1805-03-01,5.76
1805-04-01,8123
1805-05-01,11.104000000000001
1805-06-01,14.027000000000001
1805-07-01,14702
1805-08-01,15.27
1805-09-01,12.039000000000001
1805-10-01,7.635999999999999
1805-11-01,4555
1805-12-01,4158
1806-01-01,2.9170000000000003
1806-02-01,2937
1806-03-01,4691
1806-04-01,8032
1806-05-01,11503
1806-06-01,12418
1806-07-01,13923
1806-08-01,14593
1806-09-01,12.549000000000001
1806-10-01,8426
1806-11-01,5231
1806-12-01,3989
1807-01-01,1.0550000000000002
1807-02-01,4.093999999999999
1807-03-01,4788
1807-04-01,6.970999999999999
1807-05-01,9331
1807-06-01,13293
1807-07-01,14138
1807-08-01,13.799000000000001
1807-09-01,12.614999999999998
1807-10-01,8.857000000000001
1807-11-01,6015
1807-12-01,4.4209999999999985
1808-01-01,1131
1808-02-01,2142
1808-03-01,4.361000000000001
1808-04-01,7.481999999999998
1808-05-01,9.357000000000001
1808-06-01,13.428999999999998
1808-07-01,14491
1808-08-01,13047
1808-09-01,12711
1808-10-01,7.971999999999999
1808-11-01,4.5120000000000005
1808-12-01,887
1809-01-01,0.20800000000000016
1809-02-01,0.8559999999999999
1809-03-01,3425
1809-04-01,7.832999999999998
1809-05-01,9243
1809-06-01,12998
1809-07-01,12.655999999999999
1809-08-01,12905
1809-09-01,10967
1809-10-01,8.65
1809-11-01,3099
1809-12-01,2077
1810-01-01,0.8880000000000001
1810-02-01,2391
1810-03-01,5.013999999999999
1810-04-01,6533
1810-05-01,9069
1810-06-01,11.934000000000001
1810-07-01,12.550999999999998
1810-08-01,12.040999999999999
1810-09-01,9532
1810-10-01,6.632000000000001
1810-11-01,3827
1810-12-01,2.66
1811-01-01,1374
1811-02-01,0.4500000000000002
1811-03-01,3701
1811-04-01,6.3020000000000005
1811-05-01,9443
1811-06-01,12137
1811-07-01,11956
1811-08-01,13.325999999999999
1811-09-01,10368
1811-10-01,6.58
1811-11-01,3503
1811-12-01,3174
1812-01-01,977
1812-02-01,0.13100000000000026
1812-03-01,2044
1812-04-01,6.949999999999998
1812-05-01,9.579999999999998
1812-06-01,12005
1812-07-01,14355
1812-08-01,15.017999999999999
1812-09-01,10185
1812-10-01,7593
1812-11-01,4369
1812-12-01,1348
1813-01-01,-1.3849999999999998
1813-02-01,2258
1813-03-01,1.5959999999999999
1813-04-01,8.181999999999999
1813-05-01,11367
1813-06-01,13242
1813-07-01,14.520999999999999
1813-08-01,13.097000000000001
1813-09-01,12339
1813-10-01,8666
1813-11-01,6825
1813-12-01,2171
1814-01-01,1.5020000000000002
1814-02-01,1689
1814-03-01,2664
1814-04-01,7193
1814-05-01,9417
1814-06-01,12818
1814-07-01,12532
1814-08-01,12668
1814-09-01,10.675999999999998
1814-10-01,7374
1814-11-01,6739
1814-12-01,5.8290000000000015
1815-01-01,2051
1815-02-01,2273
1815-03-01,3663
1815-04-01,6.587999999999999
1815-05-01,9845
1815-06-01,11162
1815-07-01,14394
1815-08-01,13.209000000000001
1815-09-01,11151
1815-10-01,7.1370000000000005
1815-11-01,4178
1815-12-01,1.2209999999999996
1816-01-01,2737
1816-02-01,0.6759999999999997
1816-03-01,3905
1816-04-01,7606
1816-05-01,10.594000000000001
1816-06-01,11.79
1816-07-01,12.267000000000001
1816-08-01,12.57
1816-09-01,10.39
1816-10-01,5699
1816-11-01,4058
1816-12-01,0.9580000000000002
1817-01-01,1.54
1817-02-01,3.6489999999999996
1817-03-01,4569
1817-04-01,7.8889999999999985
1817-05-01,9476
1817-06-01,11287
1817-07-01,12.072000000000001
1817-08-01,13.402999999999999
1817-09-01,8.812000000000001
1817-10-01,6.2029999999999985
1817-11-01,4638
1817-12-01,0.16999999999999993
1818-01-01,1.2040000000000002
1818-02-01,0.7549999999999999
1818-03-01,5565
1818-04-01,9901
1818-05-01,11247
1818-06-01,13825
1818-07-01,13.51
1818-08-01,13.165999999999999
1818-09-01,10578
1818-10-01,6654
1818-11-01,5035
1818-12-01,2507
1819-01-01,1.0140000000000002
1819-02-01,2286
1819-03-01,2931
1819-04-01,7029
1819-05-01,9851
1819-06-01,12526
1819-07-01,13038
1819-08-01,12557
1819-09-01,10.893999999999998
1819-10-01,9.312000000000001
1819-11-01,5.15
1819-12-01,1842
1820-01-01,1236
1820-02-01,2145
1820-03-01,4618
1820-04-01,8.7
1820-05-01,11.62
1820-06-01,13323
1820-07-01,13311
1820-08-01,11978
1820-09-01,11.16
1820-10-01,7.587999999999999
1820-11-01,4.4430000000000005
1820-12-01,1273
1821-01-01,2.9989999999999997
1821-02-01,3758
1821-03-01,5.462000000000001
1821-04-01,7.738999999999999
1821-05-01,11.3
1821-06-01,12608
1821-07-01,13.039000000000001
1821-08-01,13145
1821-09-01,10178
1821-10-01,8535
1821-11-01,5601
1821-12-01,2717
1822-01-01,2759
1822-02-01,4465
1822-03-01,7.787000000000001
1822-04-01,8.277999999999999
1822-05-01,10486
1822-06-01,13067
1822-07-01,14212
1822-08-01,13215
1822-09-01,10695
1822-10-01,7.773999999999999
1822-11-01,4501
1822-12-01,1.0210000000000004
1823-01-01,1758
1823-02-01,1966
1823-03-01,5.0680000000000005
1823-04-01,7.664999999999999
1823-05-01,10563
1823-06-01,13958
1823-07-01,14197
1823-08-01,13.13
1823-09-01,10198
1823-10-01,7.641999999999999
1823-11-01,4508
1823-12-01,1971
1824-01-01,2651
1824-02-01,2679
1824-03-01,5357
1824-04-01,8375
1824-05-01,11132
1824-06-01,13427
1824-07-01,14.83
1824-08-01,13.437000000000001
1824-09-01,11528
1824-10-01,8.197000000000001
1824-11-01,5.877000000000001
1824-12-01,5.0760000000000005
1825-01-01,3213
1825-02-01,3092
1825-03-01,5365
1825-04-01,8988
1825-05-01,10751
1825-06-01,13765
1825-07-01,14007
1825-08-01,13269
1825-09-01,11148
1825-10-01,7.978999999999999
1825-11-01,6058
1825-12-01,3037
1826-01-01,1893
1826-02-01,1533
1826-03-01,4888
1826-04-01,8.402999999999999
1826-05-01,11.803999999999998
1826-06-01,13.02
1826-07-01,14.482000000000001
1826-08-01,13.109000000000002
1826-09-01,11178
1826-10-01,8459
1826-11-01,6.6339999999999995
1826-12-01,4876
1827-01-01,3593
1827-02-01,4415
1827-03-01,6141
1827-04-01,9.428999999999998
1827-05-01,11807
1827-06-01,13548
1827-07-01,14.684000000000001
1827-08-01,13694
1827-09-01,10883
1827-10-01,8.51
1827-11-01,6279
1827-12-01,2722
1828-01-01,0.5950000000000002
1828-02-01,1.8530000000000002
1828-03-01,5729
1828-04-01,8737
1828-05-01,11281
1828-06-01,14124
1828-07-01,14384
1828-08-01,13635
1828-09-01,10.079999999999998
1828-10-01,8.655999999999999
1828-11-01,5.957000000000001
1828-12-01,2.9530000000000003
1829-01-01,2032
1829-02-01,1715
1829-03-01,5061
1829-04-01,7.814999999999999
1829-05-01,11336
1829-06-01,12.86
1829-07-01,14225
1829-08-01,13.399000000000001
1829-09-01,10598
1829-10-01,8.806000000000001
1829-11-01,5003
1829-12-01,2452
1830-01-01,2.9570000000000003
1830-02-01,4085
1830-03-01,4.4540000000000015
1830-04-01,8.841000000000001
1830-05-01,10202
1830-06-01,12827
1830-07-01,14942
1830-08-01,13386
1830-09-01,10.54
1830-10-01,7.9929999999999986
1830-11-01,7.492999999999999
1830-12-01,4481
1831-01-01,2182
1831-02-01,2479
1831-03-01,4558
1831-04-01,7731
1831-05-01,10.994000000000002
1831-06-01,13203
1831-07-01,13.58
1831-08-01,12.49
1831-09-01,9946
1831-10-01,7.83
1831-11-01,4412
1831-12-01,2265
1832-01-01,1.7169999999999999
1832-02-01,1833
1832-03-01,4.65
1832-04-01,8059
1832-05-01,10489
1832-06-01,12.857000000000001
1832-07-01,13727
1832-08-01,11966
1832-09-01,10.425999999999998
1832-10-01,8634
1832-11-01,4.2620000000000005
1832-12-01,0.7819999999999996
1833-01-01,2006
1833-02-01,2815
1833-03-01,4521
1833-04-01,7869
1833-05-01,10581
1833-06-01,13.049000000000001
1833-07-01,13.802999999999999
1833-08-01,13.222000000000001
1833-09-01,11236
1833-10-01,7.899999999999999
1833-11-01,6596
1833-12-01,2.5580000000000003
1834-01-01,0.3340000000000001
1834-02-01,2329
1834-03-01,5.736000000000001
1834-04-01,8.084999999999999
1834-05-01,11.234000000000002
1834-06-01,12.799000000000001
1834-07-01,14197
1834-08-01,13412
1834-09-01,11571
1834-10-01,8.616999999999999
1834-11-01,6355
1834-12-01,3092
1835-01-01,2551
1835-02-01,2967
1835-03-01,4507
1835-04-01,7.768999999999999
1835-05-01,10171
1835-06-01,12007
1835-07-01,13.129000000000001
1835-08-01,12.322000000000001
1835-09-01,9942
1835-10-01,7.834999999999999
1835-11-01,4312
1835-12-01,1198
1836-01-01,1.67
1836-02-01,2371
1836-03-01,5.4479999999999995
1836-04-01,7.314999999999999
1836-05-01,10.279000000000002
1836-06-01,12.549000000000001
1836-07-01,13.645999999999999
1836-08-01,12.83
1836-09-01,10.812000000000001
1836-10-01,8756
1836-11-01,3.8139999999999996
1836-12-01,2.86
1837-01-01,1.94
1837-02-01,2619
1837-03-01,3865
1837-04-01,6.555999999999999
1837-05-01,9973
1837-06-01,12099
1837-07-01,13526
1837-08-01,13.017999999999999
1837-09-01,10805
1837-10-01,7653
1837-11-01,4.1690000000000005
1837-12-01,2285
1838-01-01,-0.5569999999999999
1838-02-01,1.5630000000000002
1838-03-01,3.7230000000000003
1838-04-01,7.382999999999999
1838-05-01,9985
1838-06-01,12742
1838-07-01,14367
1838-08-01,13568
1838-09-01,11106
1838-10-01,8526
1838-11-01,5.16
1838-12-01,2613
1839-01-01,2156
1839-02-01,3.4819999999999998
1839-03-01,2673
1839-04-01,7.891999999999999
1839-05-01,10.289000000000001
1839-06-01,12548
1839-07-01,14411
1839-08-01,14.07
1839-09-01,10853
1839-10-01,8219
1839-11-01,3.92
1839-12-01,1.0739999999999998
1840-01-01,2.5610000000000004
1840-02-01,2.1020000000000003
1840-03-01,4.04
1840-04-01,7943
1840-05-01,11173
1840-06-01,13411
1840-07-01,14714
1840-08-01,13.085999999999999
1840-09-01,11.01
1840-10-01,7505
1840-11-01,4101
1840-12-01,1909
1841-01-01,0.6490000000000002
1841-02-01,2468
1841-03-01,3307
1841-04-01,6.77
1841-05-01,10.764000000000001
1841-06-01,13.062000000000001
1841-07-01,14552
1841-08-01,13708
1841-09-01,10921
1841-10-01,8.764999999999999
1841-11-01,4744
1841-12-01,2548
1842-01-01,1636
1842-02-01,2787
1842-03-01,5.75
1842-04-01,8.309999999999999
1842-05-01,10535
1842-06-01,12.629000000000001
1842-07-01,13.584000000000001
1842-08-01,13241
1842-09-01,10.94
1842-10-01,8307
1842-11-01,4824
1842-12-01,3.73
1843-01-01,2.9739999999999998
1843-02-01,3.92
1843-03-01,4744
1843-04-01,7.829999999999999
1843-05-01,10.04
1843-06-01,12.53
1843-07-01,13991
1843-08-01,13295
1843-09-01,11326
1843-10-01,8.722000000000001
1843-11-01,4947
1843-12-01,3765
1844-01-01,1868
1844-02-01,2.0380000000000003
1844-03-01,4734
1844-04-01,7.3889999999999985
1844-05-01,10109
1844-06-01,12.84
1844-07-01,13921
1844-08-01,13046
1844-09-01,10819
1844-10-01,8.7
1844-11-01,4401
1844-12-01,1891
1845-01-01,2661
1845-02-01,1.6269999999999998
1845-03-01,4651
1845-04-01,8158
1845-05-01,10433
1845-06-01,12863
1845-07-01,14319
1845-08-01,13556
1845-09-01,11.234000000000002
1845-10-01,7.781999999999999
1845-11-01,5194
1845-12-01,1.7359999999999998
1846-01-01,3213
1846-02-01,3.3760000000000003
1846-03-01,6314
1846-04-01,7.472999999999999
1846-05-01,10896
1846-06-01,13.53
1846-07-01,14923
1846-08-01,14.120999999999999
1846-09-01,11738
1846-10-01,8229
1846-11-01,5.0440000000000005
1846-12-01,3.7760000000000002
1847-01-01,2753
1847-02-01,3602
1847-03-01,4046
1847-04-01,7.979999999999999
1847-05-01,10622
1847-06-01,12828
1847-07-01,14.25
1847-08-01,13.414000000000001
1847-09-01,11.619000000000002
1847-10-01,8618
1847-11-01,5574
1847-12-01,1.7259999999999998
1848-01-01,0.5100000000000002
1848-02-01,3.7260000000000004
1848-03-01,4806
1848-04-01,8.11
1848-05-01,10.579999999999998
1848-06-01,13247
1848-07-01,14466
1848-08-01,13.267999999999999
1848-09-01,10997
1848-10-01,8655
1848-11-01,5.29
1848-12-01,2099
1849-01-01,1.9409999999999998
1849-02-01,2638
1849-03-01,5.3020000000000005
1849-04-01,7028
1849-05-01,10159
1849-06-01,13.0
1849-07-01,14458
1849-08-01,13603
1849-09-01,11093
1849-10-01,8.889999999999997
1849-11-01,5.7780000000000005
1849-12-01,1923
1850-01-01,0.7490000000000001
1850-02-01,3071
1850-03-01,4954
1850-04-01,7.2170000000000005
1850-05-01,10004
1850-06-01,13.15
1850-07-01,14492
1850-08-01,14.039000000000001
1850-09-01,11505
1850-10-01,8.091000000000001
1850-11-01,4.7330000000000005
1850-12-01,2803
1851-01-01,2431
1851-02-01,2508
1851-03-01,4192
1851-04-01,7.286999999999999
1851-05-01,11113
1851-06-01,13418
1851-07-01,14.530999999999999
1851-08-01,13751
1851-09-01,11677
1851-10-01,9122
1851-11-01,4973
1851-12-01,3.14
1852-01-01,2.3760000000000003
1852-02-01,2.54
1852-03-01,3884
1852-04-01,7.486999999999999
1852-05-01,11169
1852-06-01,13.164000000000001
1852-07-01,14512
1852-08-01,13304
1852-09-01,11478
1852-10-01,8.91
1852-11-01,4593
1852-12-01,3785
1853-01-01,1786
1853-02-01,2228
1853-03-01,4078
1853-04-01,7.540999999999999
1853-05-01,10975
1853-06-01,13.41
1853-07-01,14645
1853-08-01,13953
1853-09-01,11.71
1853-10-01,8535
1853-11-01,4783
1853-12-01,2858
1854-01-01,1281
1854-02-01,1941
1854-03-01,4698
1854-04-01,7.622000000000001
1854-05-01,11095
1854-06-01,12829
1854-07-01,14692
1854-08-01,13.889000000000001
1854-09-01,11.514000000000001
1854-10-01,9763
1854-11-01,5745
1854-12-01,3457
1855-01-01,2522
1855-02-01,2982
1855-03-01,4617
1855-04-01,8.58
1855-05-01,11186
1855-06-01,12.984000000000002
1855-07-01,13.925999999999998
1855-08-01,13547
1855-09-01,11.140999999999998
1855-10-01,8.443999999999999
1855-11-01,5186
1855-12-01,2214
1856-01-01,2.76
1856-02-01,2226
1856-03-01,4372
1856-04-01,7.750999999999999
1856-05-01,10.53
1856-06-01,13496
1856-07-01,14019
1856-08-01,13.020999999999999
1856-09-01,10948
1856-10-01,8087
1856-11-01,5.36
1856-12-01,3.3810000000000002
1857-01-01,1821
1857-02-01,2481
1857-03-01,4312
1857-04-01,6.826999999999999
1857-05-01,9885
1857-06-01,12611
1857-07-01,13953
1857-08-01,13203
1857-09-01,11056
1857-10-01,8198
1857-11-01,5.236000000000001
1857-12-01,3515
1858-01-01,2739
1858-02-01,2.2840000000000003
1858-03-01,4834
1858-04-01,8.25
1858-05-01,10851
1858-06-01,12956
1858-07-01,13677
1858-08-01,13.22
1858-09-01,11148
1858-10-01,8.809999999999997
1858-11-01,5.99
1858-12-01,2444
1859-01-01,2015
1859-02-01,2611
1859-03-01,5023
1859-04-01,8542
1859-05-01,11456
1859-06-01,13.142000000000001
1859-07-01,13827
1859-08-01,13217
1859-09-01,11.079999999999998
1859-10-01,8834
1859-11-01,5.912000000000001
1859-12-01,3365
1860-01-01,2077
1860-02-01,2.6319999999999997
1860-03-01,3.4939999999999998
1860-04-01,7.76
1860-05-01,11.062000000000001
1860-06-01,13.271999999999998
1860-07-01,14203
1860-08-01,13765
1860-09-01,11.892000000000001
1860-10-01,8712
1860-11-01,5027
1860-12-01,1.6340000000000001
1861-01-01,0.4040000000000004
1861-02-01,2137
1861-03-01,4489
1861-04-01,7.486999999999999
1861-05-01,10.515999999999998
1861-06-01,13.017000000000001
1861-07-01,13967
1861-08-01,13.655999999999999
1861-09-01,11409
1861-10-01,8475
1861-11-01,5.707000000000001
1861-12-01,2.8939999999999997
1862-01-01,685
1862-02-01,1769
1862-03-01,4485
1862-04-01,7.322999999999999
1862-05-01,10739
1862-06-01,12.86
1862-07-01,13.927999999999999
1862-08-01,13.187999999999999
1862-09-01,11028
1862-10-01,8283
1862-11-01,4792
1862-12-01,1.6230000000000002
1863-01-01,3.0340000000000003
1863-02-01,3253
1863-03-01,4.6819999999999995
1863-04-01,7.930999999999999
1863-05-01,11081
1863-06-01,12794
1863-07-01,13765
1863-08-01,13294
1863-09-01,11.23
1863-10-01,8235
1863-11-01,5392
1863-12-01,2.6510000000000002
1864-01-01,1551
1864-02-01,2506
1864-03-01,4651
1864-04-01,7515
1864-05-01,10956
1864-06-01,13365
1864-07-01,14162
1864-08-01,13.434000000000001
1864-09-01,11.37
1864-10-01,8795
1864-11-01,5232
1864-12-01,2266
1865-01-01,2975
1865-02-01,2.1519999999999997
1865-03-01,4039
1865-04-01,7.313999999999999
1865-05-01,10917
1865-06-01,13214
1865-07-01,14.22
1865-08-01,13.58
1865-09-01,11797
1865-10-01,9.136000000000001
1865-11-01,6144
1865-12-01,2.6460000000000004
1866-01-01,2932
1866-02-01,2274
1866-03-01,4421
1866-04-01,7914
1866-05-01,10898
1866-06-01,12853
1866-07-01,14602
1866-08-01,13532
1866-09-01,11.527000000000001
1866-10-01,8506
1866-11-01,5.8950000000000005
1866-12-01,4152
1867-01-01,2.4819999999999998
1867-02-01,2664
1867-03-01,4.4540000000000015
1867-04-01,8258
1867-05-01,10495
1867-06-01,13303
1867-07-01,14.222999999999999
1867-08-01,13.505999999999998
1867-09-01,11763
1867-10-01,9212
1867-11-01,6939
1867-12-01,3937
1868-01-01,1834
1868-02-01,2039
1868-03-01,4538
1868-04-01,8183
1868-05-01,11308
1868-06-01,13162
1868-07-01,14.514000000000001
1868-08-01,13.744000000000002
1868-09-01,11669
1868-10-01,9448
1868-11-01,5192
1868-12-01,3344
1869-01-01,2115
1869-02-01,3864
1869-03-01,4.3740000000000006
1869-04-01,7.9209999999999985
1869-05-01,11295
1869-06-01,13537
1869-07-01,14337
1869-08-01,14.01
1869-09-01,12247
1869-10-01,9006
1869-11-01,5773
1869-12-01,2.7060000000000004
1870-01-01,2082
1870-02-01,2.1340000000000003
1870-03-01,4.656000000000001
1870-04-01,7879
1870-05-01,11339
1870-06-01,13653
1870-07-01,14599
1870-08-01,13.484000000000002
1870-09-01,11952
1870-10-01,8.809999999999997
1870-11-01,5.6
1870-12-01,2228
1871-01-01,1.4469999999999998
1871-02-01,1736
1871-03-01,4.6850000000000005
1871-04-01,8.34
1871-05-01,10.787999999999998
1871-06-01,13.08
1871-07-01,14.29
1871-08-01,13932
1871-09-01,11711
1871-10-01,9096
1871-11-01,5113
1871-12-01,3.1630000000000003
1872-01-01,1652
1872-02-01,2.35
1872-03-01,4922
1872-04-01,7.845999999999999
1872-05-01,11198
1872-06-01,13055
1872-07-01,14285
1872-08-01,13821
1872-09-01,11.957999999999998
1872-10-01,9.24
1872-11-01,5.372000000000001
1872-12-01,2627
1873-01-01,2013
1873-02-01,3195
1873-03-01,4704
1873-04-01,7.462000000000001
1873-05-01,11.005999999999998
1873-06-01,13405
1873-07-01,14287
1873-08-01,13755
1873-09-01,11.486999999999998
1873-10-01,9234
1873-11-01,5819
1873-12-01,3846
1874-01-01,2685
1874-02-01,3069
1874-03-01,4221
1874-04-01,8231
1874-05-01,11306
1874-06-01,13306
1874-07-01,14122
1874-08-01,13815
1874-09-01,12111
1874-10-01,9.12
1874-11-01,5809
1874-12-01,3407
1875-01-01,1533
1875-02-01,2259
1875-03-01,4256
1875-04-01,7.635999999999999
1875-05-01,10746
1875-06-01,13157
1875-07-01,14144
1875-08-01,13401
1875-09-01,11319
1875-10-01,8.584999999999999
1875-11-01,4614
1875-12-01,2665
1876-01-01,1856
1876-02-01,2617
1876-03-01,4748
1876-04-01,8199
1876-05-01,10.69
1876-06-01,13.130999999999998
1876-07-01,14319
1876-08-01,13481
1876-09-01,11.687000000000001
1876-10-01,8946
1876-11-01,5093
1876-12-01,2194
1877-01-01,2286
1877-02-01,2928
1877-03-01,5.297000000000001
1877-04-01,8039
1877-05-01,11056
1877-06-01,13384
1877-07-01,14.642000000000001
1877-08-01,14151
1877-09-01,12075
1877-10-01,9273
1877-11-01,6348
1877-12-01,2.9960000000000004
1878-01-01,2.0170000000000003
1878-02-01,3728
1878-03-01,6.6080000000000005
1878-04-01,8899
1878-05-01,11.017000000000001
1878-06-01,13796
1878-07-01,14742
1878-08-01,14.094000000000001
1878-09-01,12093
1878-10-01,9173
1878-11-01,6.446000000000001
1878-12-01,3344
1879-01-01,2303
1879-02-01,2737
1879-03-01,4.9239999999999995
1879-04-01,7.767999999999999
1879-05-01,10803
1879-06-01,13.23
1879-07-01,14238
1879-08-01,13245
1879-09-01,11.449000000000002
1879-10-01,9229
1879-11-01,5526
1879-12-01,2.5380000000000003
1880-01-01,1755
1880-02-01,2052
1880-03-01,4.63
1880-04-01,7.558999999999998
1880-05-01,11.095999999999998
1880-06-01,13327
1880-07-01,14.140999999999998
1880-08-01,13807
1880-09-01,11386
1880-10-01,8673
1880-11-01,5893
1880-12-01,3.1060000000000003
1881-01-01,2.4610000000000003
1881-02-01,2.6260000000000003
1881-03-01,5.01
1881-04-01,8.322999999999999
1881-05-01,11165
1881-06-01,12745
1881-07-01,14203
1881-08-01,13.71
1881-09-01,11689
1881-10-01,8.850999999999997
1881-11-01,5272
1881-12-01,3196
1882-01-01,2.99
1882-02-01,3.2310000000000003
1882-03-01,5.04
1882-04-01,7.690999999999999
1882-05-01,10888
1882-06-01,12805
1882-07-01,13747
1882-08-01,13703
1882-09-01,11736
1882-10-01,8445
1882-11-01,5066
1882-12-01,2205
1883-01-01,1.4600000000000002
1883-02-01,1856
1883-03-01,4.928999999999999
1883-04-01,7.690999999999999
1883-05-01,10832
1883-06-01,13302
1883-07-01,14011
1883-08-01,13224
1883-09-01,11343
1883-10-01,8.908999999999997
1883-11-01,4905
1883-12-01,3261
1884-01-01,2.12
1884-02-01,2474
1884-03-01,3892
1884-04-01,7.185999999999999
1884-05-01,10198
1884-06-01,12.527000000000001
1884-07-01,13622
1884-08-01,13257
1884-09-01,11235
1884-10-01,8581
1884-11-01,5164
1884-12-01,3028
1885-01-01,1003
1885-02-01,2.2430000000000003
1885-03-01,4622
1885-04-01,7.3359999999999985
1885-05-01,10567
1885-06-01,12716
1885-07-01,13.972000000000001
1885-08-01,13351
1885-09-01,11435
1885-10-01,8.722000000000001
1885-11-01,5425
1885-12-01,3.6439999999999997
1886-01-01,1436
1886-02-01,1793
1886-03-01,4.2620000000000005
1886-04-01,7909
1886-05-01,10784
1886-06-01,12.789000000000001
1886-07-01,14.225999999999999
1886-08-01,13323
1886-09-01,11.6
1886-10-01,8604
1886-11-01,5226
1886-12-01,3502
1887-01-01,0.8240000000000001
1887-02-01,2.0540000000000003
1887-03-01,4552
1887-04-01,7789
1887-05-01,10.84
1887-06-01,12.89
1887-07-01,14.020999999999999
1887-08-01,13.097000000000001
1887-09-01,11707
1887-10-01,8738
1887-11-01,5.5920000000000005
1887-12-01,2875
1888-01-01,1.7080000000000002
1888-02-01,2039
1888-03-01,4.3
1888-04-01,7845
1888-05-01,10.62
1888-06-01,12921
1888-07-01,14242
1888-08-01,13511
1888-09-01,11685
1888-10-01,9201
1888-11-01,5.792000000000001
1888-12-01,3222
1889-01-01,1.7619999999999998
1889-02-01,3409
1889-03-01,5.2989999999999995
1889-04-01,8.588999999999999
1889-05-01,11242
1889-06-01,13288
1889-07-01,14225
1889-08-01,13.504000000000001
1889-09-01,11547
1889-10-01,8865
1889-11-01,4.9990000000000006
1889-12-01,3099
1890-01-01,1.8359999999999999
1890-02-01,2516
1890-03-01,4.21
1890-04-01,7.738999999999999
1890-05-01,10464
1890-06-01,12872
1890-07-01,14034
1890-08-01,13.265999999999998
1890-09-01,11546
1890-10-01,9178
1890-11-01,5.03
1890-12-01,2969
1891-01-01,1.6780000000000002
1891-02-01,1.88
1891-03-01,4755
1891-04-01,7.6179999999999986
1891-05-01,10785
1891-06-01,12888
1891-07-01,13.93
1891-08-01,13.495999999999999
1891-09-01,11763
1891-10-01,8.722000000000001
1891-11-01,5115
1891-12-01,3602
1892-01-01,2.0180000000000002
1892-02-01,2805
1892-03-01,4362
1892-04-01,7.5619999999999985
1892-05-01,10622
1892-06-01,13263
1892-07-01,13.89
1892-08-01,13.42
1892-09-01,11.764000000000001
1892-10-01,9.29
1892-11-01,4859
1892-12-01,2935
1893-01-01,0.5
1893-02-01,1.6540000000000001
1893-03-01,4979
1893-04-01,7994
1893-05-01,10747
1893-06-01,13.050999999999998
1893-07-01,14318
1893-08-01,13454
1893-09-01,11.767000000000001
1893-10-01,9.16
1893-11-01,5902
1893-12-01,3155
1894-01-01,1.6909999999999998
1894-02-01,2923
1894-03-01,5118
1894-04-01,7.6629999999999985
1894-05-01,10944
1894-06-01,12858
1894-07-01,14.004000000000001
1894-08-01,13488
1894-09-01,11.579999999999998
1894-10-01,9125
1894-11-01,5405
1894-12-01,3133
1895-01-01,1.2950000000000002
1895-02-01,2.0
1895-03-01,4689
1895-04-01,8247
1895-05-01,10867
1895-06-01,13058
1895-07-01,14.052999999999999
1895-08-01,13489
1895-09-01,11743
1895-10-01,9117
1895-11-01,5744
1895-12-01,3462
1896-01-01,2291
1896-02-01,2707
1896-03-01,4279
1896-04-01,7.329999999999999
1896-05-01,10893
1896-06-01,13.303999999999998
1896-07-01,14.232999999999999
1896-08-01,13624
1896-09-01,11.824000000000002
1896-10-01,9416
1896-11-01,5.3660000000000005
1896-12-01,3312
1897-01-01,1893
1897-02-01,2.4290000000000003
1897-03-01,4345
1897-04-01,8.277999999999999
1897-05-01,11377
1897-06-01,13319
1897-07-01,14.31
1897-08-01,13668
1897-09-01,11925
1897-10-01,9.197000000000001
1897-11-01,5.6080000000000005
1897-12-01,3.1710000000000003
1898-01-01,2737
1898-02-01,2354
1898-03-01,3751
1898-04-01,7.906999999999999
1898-05-01,10835
1898-06-01,13395
1898-07-01,14138
1898-08-01,13579
1898-09-01,11.752999999999998
1898-10-01,8828
1898-11-01,5.452000000000001
1898-12-01,3407
1899-01-01,2515
1899-02-01,2.38
1899-03-01,4618
1899-04-01,8.280999999999999
1899-05-01,11023
1899-06-01,12856
1899-07-01,14159
1899-08-01,13.777000000000001
1899-09-01,12.127999999999998
1899-10-01,9409
1899-11-01,6605
1899-12-01,3005
1900-01-01,1.4609999999999999
1900-02-01,3.0980000000000003
1900-03-01,5.492000000000001
1900-04-01,8.222999999999999
1900-05-01,11385
1900-06-01,13293
1900-07-01,14171
1900-08-01,13.815999999999999
1900-09-01,11955
1900-10-01,9666
1900-11-01,5.803999999999999
1900-12-01,3655
1901-01-01,2.1910000000000003
1901-02-01,3092
1901-03-01,5671
1901-04-01,8522
1901-05-01,11178
1901-06-01,13423
1901-07-01,14339
1901-08-01,13.789000000000001
1901-09-01,11.984000000000002
1901-10-01,9003
1901-11-01,5976
1901-12-01,3335
1902-01-01,2.6839999999999997
1902-02-01,3.6060000000000003
1902-03-01,4883
1902-04-01,7.955999999999999
1902-05-01,10893
1902-06-01,13214
1902-07-01,14231
1902-08-01,13599
1902-09-01,11.799000000000001
1902-10-01,8801
1902-11-01,5274
1902-12-01,2713
1903-01-01,2514
1903-02-01,3555
1903-03-01,4.93
1903-04-01,7.831999999999999
1903-05-01,10794
1903-06-01,12886
1903-07-01,13992
1903-08-01,13412
1903-09-01,11501
1903-10-01,8.812000000000001
1903-11-01,5516
1903-12-01,2898
1904-01-01,1.6369999999999998
1904-02-01,2.2969999999999997
1904-03-01,4506
1904-04-01,7.683999999999998
1904-05-01,10.84
1904-06-01,13.014000000000001
1904-07-01,13.835999999999999
1904-08-01,13.459000000000001
1904-09-01,11.380999999999998
1904-10-01,8833
1904-11-01,6.23
1904-12-01,3374
1905-01-01,2254
1905-02-01,1927
1905-03-01,4635
1905-04-01,7.754999999999999
1905-05-01,10.982000000000001
1905-06-01,13112
1905-07-01,14077
1905-08-01,13578
1905-09-01,11.803999999999998
1905-10-01,9041
1905-11-01,6183
1905-12-01,3.3539999999999996
1906-01-01,2068
1906-02-01,2301
1906-03-01,4.8660000000000005
1906-04-01,8626
1906-05-01,11.239999999999998
1906-06-01,13.334000000000001
1906-07-01,14122
1906-08-01,13.690999999999999
1906-09-01,11.771999999999998
1906-10-01,9.267000000000001
1906-11-01,5501
1906-12-01,3761
1907-01-01,1798
1907-02-01,2117
1907-03-01,4575
1907-04-01,7579
1907-05-01,10375
1907-06-01,12.729000000000001
1907-07-01,13769
1907-08-01,13362
1907-09-01,11665
1907-10-01,9234
1907-11-01,5.207000000000001
1907-12-01,2.9560000000000004
1908-01-01,2.3040000000000003
1908-02-01,2.7689999999999997
1908-03-01,4136
1908-04-01,7.831999999999999
1908-05-01,11.140999999999998
1908-06-01,13293
1908-07-01,14197
1908-08-01,13376
1908-09-01,11977
1908-10-01,8865
1908-11-01,5272
1908-12-01,3071
1909-01-01,1395
1909-02-01,2.7060000000000004
1909-03-01,4.5889999999999995
1909-04-01,7534
1909-05-01,10611
1909-06-01,12962
1909-07-01,14.06
1909-08-01,13752
1909-09-01,11.879000000000001
1909-10-01,9192
1909-11-01,6.236000000000001
1909-12-01,3.2230000000000003
1910-01-01,2333
1910-02-01,2779
1910-03-01,4606
1910-04-01,8.104999999999999
1910-05-01,11005
1910-06-01,13151
1910-07-01,14.279000000000002
1910-08-01,13677
1910-09-01,11733
1910-10-01,9006
1910-11-01,5318
1910-12-01,2.6839999999999997
1911-01-01,1.66
1911-02-01,2.4530000000000003
1911-03-01,4.3469999999999995
1911-04-01,7.989999999999998
1911-05-01,10829
1911-06-01,13009
1911-07-01,14082
1911-08-01,13499
1911-09-01,11638
1911-10-01,9263
1911-11-01,5.9639999999999995
1911-12-01,3.39
1912-01-01,2.4019999999999997
1912-02-01,3.3539999999999996
1912-03-01,4356
1912-04-01,8229
1912-05-01,11.254000000000001
1912-06-01,13435
1912-07-01,13.722999999999999
1912-08-01,13.052999999999999
1912-09-01,11.222000000000001
1912-10-01,8.366999999999999
1912-11-01,5521
1912-12-01,3069
1913-01-01,2083
1913-02-01,2376
1913-03-01,4.5169999999999995
1913-04-01,8023
1913-05-01,10745
1913-06-01,13005
1913-07-01,14137
1913-08-01,13724
1913-09-01,11759
1913-10-01,9077
1913-11-01,6024
1913-12-01,4103
1914-01-01,3.3760000000000003
1914-02-01,3.2
1914-03-01,4942
1914-04-01,8.097999999999999
1914-05-01,11.284999999999998
1914-06-01,13496
1914-07-01,14298
1914-08-01,13.73
1914-09-01,11915
1914-10-01,9387
1914-11-01,5.7589999999999995
1914-12-01,3.6
1915-01-01,2299
1915-02-01,3265
1915-03-01,5143
1915-04-01,8705
1915-05-01,11493
1915-06-01,13.3
1915-07-01,14443
1915-08-01,13.77
1915-09-01,11867
1915-10-01,8984
1915-11-01,6216
1915-12-01,3633
1916-01-01,2616
1916-02-01,2957
1916-03-01,4846
1916-04-01,8.046999999999999
1916-05-01,10.972000000000001
1916-06-01,12942
1916-07-01,14052
1916-08-01,13.58
1916-09-01,11726
1916-10-01,9053
1916-11-01,5596
1916-12-01,2316
1917-01-01,2133
1917-02-01,2.36
1917-03-01,4488
1917-04-01,7.854999999999999
1917-05-01,10443
1917-06-01,12915
1917-07-01,14259
1917-08-01,13.470999999999998
1917-09-01,11745
1917-10-01,8544
1917-11-01,5.82
1917-12-01,2247
1918-01-01,1934
1918-02-01,2455
1918-03-01,4811
1918-04-01,7.643999999999999
1918-05-01,10.54
1918-06-01,12908
1918-07-01,14002
1918-08-01,13431
1918-09-01,11.880999999999998
1918-10-01,9433
1918-11-01,5683
1918-12-01,2.8480000000000003
1919-01-01,2184
1919-02-01,2852
1919-03-01,4743
1919-04-01,8487
1919-05-01,10.969000000000001
1919-06-01,13228
1919-07-01,14274
1919-08-01,13786
1919-09-01,11.989999999999998
1919-10-01,9361
1919-11-01,5489
1919-12-01,3224
1920-01-01,2841
1920-02-01,2755
1920-03-01,5227
1920-04-01,8293
1920-05-01,11.130999999999998
1920-06-01,13105
1920-07-01,14245
1920-08-01,13698
1920-09-01,11794
1920-10-01,9021
1920-11-01,5566
1920-12-01,2.6289999999999996
1921-01-01,2.98
1921-02-01,3125
1921-03-01,5081
1921-04-01,8324
1921-05-01,11245
1921-06-01,13.44
1921-07-01,14436
1921-08-01,13561
1921-09-01,11.869000000000002
1921-10-01,9264
1921-11-01,5864
1921-12-01,3.6630000000000003
1922-01-01,2.15
1922-02-01,2376
1922-03-01,5.156000000000001
1922-04-01,8.379999999999999
1922-05-01,11.097000000000001
1922-06-01,13331
1922-07-01,14.277999999999999
1922-08-01,13.584000000000001
1922-09-01,11775
1922-10-01,9.056000000000001
1922-11-01,6046
1922-12-01,3667
1923-01-01,2487
1923-02-01,2563
1923-03-01,4.8660000000000005
1923-04-01,7749
1923-05-01,10.848999999999998
1923-06-01,13296
1923-07-01,13.984000000000002
1923-08-01,13.610999999999999
1923-09-01,11883
1923-10-01,9.52
1923-11-01,6.377999999999999
1923-12-01,3.88
1924-01-01,2339
1924-02-01,2888
1924-03-01,5352
1924-04-01,7.97
1924-05-01,11188
1924-06-01,13342
1924-07-01,14304
1924-08-01,13.654000000000002
1924-09-01,11957
1924-10-01,9203
1924-11-01,6.4
1924-12-01,3485
1925-01-01,2268
1925-02-01,2701
1925-03-01,5126
1925-04-01,8442
1925-05-01,11.039000000000001
1925-06-01,13089
1925-07-01,14.065999999999999
1925-08-01,13769
1925-09-01,11.979000000000001
1925-10-01,9196
1925-11-01,6.34
1925-12-01,4398
1926-01-01,3.4530000000000003
1926-02-01,3717
1926-03-01,5831
1926-04-01,8193
1926-05-01,10931
1926-06-01,13285
1926-07-01,14168
1926-08-01,13877
1926-09-01,12075
1926-10-01,9.55
1926-11-01,6.3
1926-12-01,3366
1927-01-01,2372
1927-02-01,3.0389999999999997
1927-03-01,4668
1927-04-01,8035
1927-05-01,11.104000000000001
1927-06-01,13.271999999999998
1927-07-01,14323
1927-08-01,13698
1927-09-01,12.254000000000001
1927-10-01,9887
1927-11-01,6346
1927-12-01,3267
1928-01-01,3.0460000000000003
1928-02-01,3333
1928-03-01,4959
1928-04-01,8244
1928-05-01,11169
1928-06-01,13113
1928-07-01,14.31
1928-08-01,13.687000000000001
1928-09-01,12.03
1928-10-01,9486
1928-11-01,6336
1928-12-01,3873
1929-01-01,2.0540000000000003
1929-02-01,2172
1929-03-01,5099
1929-04-01,8094
1929-05-01,10915
1929-06-01,12928
1929-07-01,13957
1929-08-01,13.68
1929-09-01,11807
1929-10-01,9.46
1929-11-01,6.172000000000001
1929-12-01,2571
1930-01-01,2401
1930-02-01,3.1519999999999997
1930-03-01,5483
1930-04-01,8.181999999999999
1930-05-01,11105
1930-06-01,13.347000000000001
1930-07-01,14465
1930-08-01,13928
1930-09-01,11874
1930-10-01,9.261000000000001
1930-11-01,6574
1930-12-01,3.8310000000000004
1931-01-01,2761
1931-02-01,2708
1931-03-01,5.22
1931-04-01,8163
1931-05-01,11.02
1931-06-01,13573
1931-07-01,14.575999999999999
1931-08-01,14.12
1931-09-01,12283
1931-10-01,9.937000000000001
1931-11-01,6.242999999999999
1931-12-01,4027
1932-01-01,3.6039999999999996
1932-02-01,2989
1932-03-01,4.94
1932-04-01,8769
1932-05-01,11239
1932-06-01,13383
1932-07-01,14372
1932-08-01,13.74
1932-09-01,12.31
1932-10-01,9682
1932-11-01,5.9079999999999995
1932-12-01,3527
1933-01-01,2169
1933-02-01,2657
1933-03-01,4869
1933-04-01,8125
1933-05-01,11047
1933-06-01,13.11
1933-07-01,14.235999999999999
1933-08-01,13.76
1933-09-01,11.854000000000001
1933-10-01,9238
1933-11-01,5.89
1933-12-01,3.1039999999999996
1934-01-01,2476
1934-02-01,3699
1934-03-01,4.8180000000000005
1934-04-01,8016
1934-05-01,11478
1934-06-01,13.402000000000001
1934-07-01,14343
1934-08-01,13.777999999999999
1934-09-01,11727
1934-10-01,9421
1934-11-01,6397
1934-12-01,3985
1935-01-01,2.1750000000000003
1935-02-01,4125
1935-03-01,5399
1935-04-01,7.770999999999999
1935-05-01,10906
1935-06-01,13326
1935-07-01,14331
1935-08-01,13775
1935-09-01,11999
1935-10-01,9516
1935-11-01,5443
1935-12-01,3423
1936-01-01,2249
1936-02-01,2506
1936-03-01,5.031000000000001
1936-04-01,8.126999999999999
1936-05-01,11251
1936-06-01,13363
1936-07-01,14.629000000000001
1936-08-01,13.86
1936-09-01,12021
1936-10-01,9457
1936-11-01,6.2330000000000005
1936-12-01,3.9210000000000003
1937-01-01,2.4530000000000003
1937-02-01,3553
1937-03-01,4851
1937-04-01,8.139999999999999
1937-05-01,11422
1937-06-01,13603
1937-07-01,14375
1937-08-01,14007
1937-09-01,12.412999999999998
1937-10-01,9729
1937-11-01,6356
1937-12-01,3478
1938-01-01,2.91
1938-02-01,3417
1938-03-01,5651
1938-04-01,8913
1938-05-01,11456
1938-06-01,13321
1938-07-01,14.482000000000001
1938-08-01,13963
1938-09-01,12427
1938-10-01,9784
1938-11-01,6.53
1938-12-01,3.51
1939-01-01,2932
1939-02-01,3232
1939-03-01,4926
1939-04-01,8328
1939-05-01,11.524000000000001
1939-06-01,13531
1939-07-01,14395
1939-08-01,13932
1939-09-01,11.957999999999998
1939-10-01,9218
1939-11-01,6189
1939-12-01,4959
1940-01-01,2335
1940-02-01,3423
1940-03-01,5.4239999999999995
1940-04-01,8756
1940-05-01,11338
1940-06-01,13583
1940-07-01,14571
1940-08-01,13811
1940-09-01,12268
1940-10-01,9457
1940-11-01,6.0760000000000005
1940-12-01,4.1339999999999995
1941-01-01,2.7350000000000003
1941-02-01,3.67
1941-03-01,5.212999999999999
1941-04-01,8575
1941-05-01,11493
1941-06-01,13.63
1941-07-01,14694
1941-08-01,14.027999999999999
1941-09-01,11816
1941-10-01,9.71
1941-11-01,5.952999999999999
1941-12-01,3707
1942-01-01,3103
1942-02-01,2.8569999999999998
1942-03-01,5308
1942-04-01,8.415999999999999
1942-05-01,11338
1942-06-01,13578
1942-07-01,14242
1942-08-01,13786
1942-09-01,12146
1942-10-01,9627
1942-11-01,6.3950000000000005
1942-12-01,3945
1943-01-01,2396
1943-02-01,3513
1943-03-01,5138
1943-04-01,8638
1943-05-01,11485
1943-06-01,13161
1943-07-01,14.46
1943-08-01,13.774000000000001
1943-09-01,12.095999999999998
1943-10-01,9907
1943-11-01,6.26
1943-12-01,4.2330000000000005
1944-01-01,3.5039999999999996
1944-02-01,3591
1944-03-01,5.531000000000001
1944-04-01,8434
1944-05-01,11.334000000000001
1944-06-01,13478
1944-07-01,14468
1944-08-01,14.017000000000001
1944-09-01,12.45
1944-10-01,9808
1944-11-01,6091
1944-12-01,3434
1945-01-01,2525
1945-02-01,2.6460000000000004
1945-03-01,5184
1945-04-01,8.681000000000001
1945-05-01,11.097000000000001
1945-06-01,13328
1945-07-01,14213
1945-08-01,14.312999999999999
1945-09-01,12225
1945-10-01,9575
1945-11-01,6.0729999999999995
1945-12-01,3158
1946-01-01,2.9789999999999996
1946-02-01,3.4610000000000003
1946-03-01,5.236000000000001
1946-04-01,8837
1946-05-01,11355
1946-06-01,13298
1946-07-01,14409
1946-08-01,13.834000000000001
1946-09-01,12064
1946-10-01,9281
1946-11-01,6235
1946-12-01,3134
1947-01-01,2597
1947-02-01,3.2769999999999997
1947-03-01,5801
1947-04-01,8686
1947-05-01,11329
1947-06-01,13.459000000000001
1947-07-01,14349
1947-08-01,13827
1947-09-01,12166
1947-10-01,10.011000000000001
1947-11-01,6407
1947-12-01,3656
1948-01-01,3366
1948-02-01,3.22
1948-03-01,4.9190000000000005
1948-04-01,8.498999999999999
1948-05-01,11537
1948-06-01,13.664000000000001
1948-07-01,14445
1948-08-01,13.895999999999999
1948-09-01,12155
1948-10-01,9584
1948-11-01,6.1850000000000005
1948-12-01,3491
1949-01-01,3.2190000000000003
1949-02-01,2759
1949-03-01,5077
1949-04-01,8344
1949-05-01,11.309000000000001
1949-06-01,13223
1949-07-01,14.199000000000002
1949-08-01,13.825999999999999
1949-09-01,11957
1949-10-01,9531
1949-11-01,6148
1949-12-01,3449
1950-01-01,2008
1950-02-01,2721
1950-03-01,5.247000000000001
1950-04-01,8123
1950-05-01,11297
1950-06-01,13382
1950-07-01,14.14
1950-08-01,13.46
1950-09-01,11952
1950-10-01,9153
1950-11-01,5.372000000000001
1950-12-01,3528
1951-01-01,2138
1951-02-01,2332
1951-03-01,5091
1951-04-01,8.366999999999999
1951-05-01,11438
1951-06-01,13.25
1951-07-01,14.324000000000002
1951-08-01,14.020999999999999
1951-09-01,12.324000000000002
1951-10-01,9.67
1951-11-01,6.2250000000000005
1951-12-01,4.3279999999999985
1952-01-01,3049
1952-02-01,3.3960000000000004
1952-03-01,4.9670000000000005
1952-04-01,8461
1952-05-01,11352
1952-06-01,13442
1952-07-01,14.549000000000001
1952-08-01,13964
1952-09-01,12238
1952-10-01,9157
1952-11-01,5425
1952-12-01,3659
1953-01-01,2964
1953-02-01,3.6289999999999996
1953-03-01,5.712000000000001
1953-04-01,8.892000000000001
1953-05-01,11.514000000000001
1953-06-01,13612
1953-07-01,14.392000000000001
1953-08-01,14.059000000000001
1953-09-01,12.199000000000002
1953-10-01,9.59
1953-11-01,5.9239999999999995
1953-12-01,3998
1954-01-01,2059
1954-02-01,3.0839999999999996
1954-03-01,5148
1954-04-01,8158
1954-05-01,10988
1954-06-01,13.4
1954-07-01,14241
1954-08-01,13868
1954-09-01,12098
1954-10-01,9546
1954-11-01,6579
1954-12-01,3559
1955-01-01,3412
1955-02-01,3137
1955-03-01,4585
1955-04-01,8.136000000000001
1955-05-01,11.191999999999998
1955-06-01,13.56
1955-07-01,14242
1955-08-01,14283
1955-09-01,11954
1955-10-01,9735
1955-11-01,5973
1955-12-01,3306
1956-01-01,2.4659999999999997
1956-02-01,2781
1956-03-01,4.888999999999999
1956-04-01,7.922000000000001
1956-05-01,10.720999999999998
1956-06-01,13.16
1956-07-01,14.18
1956-08-01,13189
1956-09-01,11783
1956-10-01,8.927999999999997
1956-11-01,5.7379999999999995
1956-12-01,3.5980000000000003
1957-01-01,2488
1957-02-01,3.12
1957-03-01,5.0360000000000005
1957-04-01,8366
1957-05-01,11259
1957-06-01,13783
1957-07-01,14.129000000000001
1957-08-01,14082
1957-09-01,12.312000000000001
1957-10-01,9496
1957-11-01,6391
1957-12-01,4.3279999999999985
1958-01-01,3.5740000000000003
1958-02-01,3695
1958-03-01,5.452999999999999
1958-04-01,8.52
1958-05-01,11.518999999999998
1958-06-01,13.187000000000001
1958-07-01,14.437999999999999
1958-08-01,13.597000000000001
1958-09-01,11845
1958-10-01,9375
1958-11-01,6.26
1958-12-01,3822
1959-01-01,2.9589999999999996
1959-02-01,3.33
1959-03-01,5854
1959-04-01,8.818999999999997
1959-05-01,11323
1959-06-01,13577
1959-07-01,14.449000000000002
1959-08-01,13853
1959-09-01,11946
1959-10-01,9.16
1959-11-01,5.752000000000001
1959-12-01,3.77
1960-01-01,2713
1960-02-01,3798
1960-03-01,4303
1960-04-01,8133
1960-05-01,10872
1960-06-01,13.484000000000002
1960-07-01,14198
1960-08-01,13825
1960-09-01,12095
1960-10-01,9497
1960-11-01,5.827999999999999
1960-12-01,4.2589999999999995
1961-01-01,2926
1961-02-01,3.6830000000000003
1961-03-01,5.5889999999999995
1961-04-01,8631
1961-05-01,11624
1961-06-01,13702
1961-07-01,14288
1961-08-01,13849
1961-09-01,12247
1961-10-01,9328
1961-11-01,6205
1961-12-01,3.5
1962-01-01,3003
1962-02-01,3696
1962-03-01,5.53
1962-04-01,8.54
1962-05-01,11128
1962-06-01,13427
1962-07-01,14205
1962-08-01,13713
1962-09-01,12018
1962-10-01,9468
1962-11-01,6.2829999999999995
1962-12-01,3.94
1963-01-01,2901
1963-02-01,4.02
1963-03-01,5.0969999999999995
1963-04-01,8173
1963-05-01,11045
1963-06-01,13412
1963-07-01,14.505999999999998
1963-08-01,14.309000000000001
1963-09-01,12555
1963-10-01,9943
1963-11-01,6561
1963-12-01,3.75
1964-01-01,2881
1964-02-01,3028
1964-03-01,4865
1964-04-01,7.922000000000001
1964-05-01,10905
1964-06-01,13.459000000000001
1964-07-01,14.300999999999998
1964-08-01,13.677999999999999
1964-09-01,11.604000000000001
1964-10-01,8.831999999999997
1964-11-01,5.9830000000000005
1964-12-01,3458
1965-01-01,2862
1965-02-01,3036
1965-03-01,5182
1965-04-01,7.989999999999998
1965-05-01,11.222000000000001
1965-06-01,13308
1965-07-01,14078
1965-08-01,13807
1965-09-01,11.73
1965-10-01,9488
1965-11-01,5.86
1965-12-01,3766
1966-01-01,2.49
1966-02-01,3.29
1966-03-01,5527
1966-04-01,8161
1966-05-01,11.2
1966-06-01,13587
1966-07-01,14569
1966-08-01,13731
1966-09-01,12133
1966-10-01,9153
1966-11-01,5.968999999999999
1966-12-01,3382
1967-01-01,2.71
1967-02-01,2905
1967-03-01,5396
1967-04-01,8458
1967-05-01,11632
1967-06-01,13194
1967-07-01,14331
1967-08-01,13821
1967-09-01,12.053999999999998
1967-10-01,9809
1967-11-01,6176
1967-12-01,3915
1968-01-01,2353
1968-02-01,3245
1968-03-01,6.117000000000001
1968-04-01,8455
1968-05-01,11068
1968-06-01,13204
1968-07-01,14026
1968-08-01,13.524000000000001
1968-09-01,11.62
1968-10-01,9453
1968-11-01,5891
1968-12-01,3.24
1969-01-01,1966
1969-02-01,2.45
1969-03-01,5131
1969-04-01,8.575999999999999
1969-05-01,11.354000000000001
1969-06-01,13475
1969-07-01,14218
1969-08-01,13804
1969-09-01,12048
1969-10-01,9489
1969-11-01,6.42
1969-12-01,4.21
1970-01-01,2.8360000000000003
1970-02-01,3735
1970-03-01,5272
1970-04-01,8603
1970-05-01,11206
1970-06-01,13513
1970-07-01,14395
1970-08-01,13658
1970-09-01,12.277000000000001
1970-10-01,9348
1970-11-01,6.047000000000001
1970-12-01,3.5210000000000004
1971-01-01,2967
1971-02-01,2867
1971-03-01,5001
1971-04-01,8.338999999999999
1971-05-01,11211
1971-06-01,13099
1971-07-01,14.139000000000001
1971-08-01,13.879000000000001
1971-09-01,12.139000000000001
1971-10-01,9388
1971-11-01,6295
1971-12-01,3867
1972-01-01,1882
1972-02-01,2609
1972-03-01,5.287000000000001
1972-04-01,8337
1972-05-01,11155
1972-06-01,13501
1972-07-01,14231
1972-08-01,14171
1972-09-01,11901
1972-10-01,9346
1972-11-01,5.7970000000000015
1972-12-01,3778
1973-01-01,3.0380000000000003
1973-02-01,3898
1973-03-01,5.82
1973-04-01,8.937999999999997
1973-05-01,11.768999999999998
1973-06-01,13.824000000000002
1973-07-01,14435
1973-08-01,13.869000000000002
1973-09-01,12125
1973-10-01,9609
1973-11-01,6222
1973-12-01,3832
1974-01-01,2261
1974-02-01,2582
1974-03-01,5.19
1974-04-01,8.386000000000001
1974-05-01,11198
1974-06-01,13382
1974-07-01,14288
1974-08-01,14.015999999999998
1974-09-01,11.744000000000002
1974-10-01,9098
1974-11-01,5915
1974-12-01,3.55
1975-01-01,3.0589999999999997
1975-02-01,3395
1975-03-01,5706
1975-04-01,8584
1975-05-01,11742
1975-06-01,13557
1975-07-01,14.350999999999999
1975-08-01,13.514000000000001
1975-09-01,12.152000000000001
1975-10-01,9318
1975-11-01,5893
1975-12-01,3667
1976-01-01,2884
1976-02-01,3031
1976-03-01,4.5169999999999995
1976-04-01,8.293999999999999
1976-05-01,10.941999999999998
1976-06-01,13086
1976-07-01,14155
1976-08-01,13511
1976-09-01,11895
1976-10-01,8.511000000000001
1976-11-01,5.66
1976-12-01,3681
1977-01-01,2492
1977-02-01,3471
1977-03-01,5.702000000000001
1977-04-01,8.85
1977-05-01,11.78
1977-06-01,13876
1977-07-01,14.630999999999998
1977-08-01,14.09
1977-09-01,11.861999999999998
1977-10-01,9156
1977-11-01,6.5440000000000005
1977-12-01,3.7489999999999997
1978-01-01,2705
1978-02-01,3.4560000000000004
1978-03-01,5607
1978-04-01,8.790999999999999
1978-05-01,11.414000000000001
1978-06-01,13.22
1978-07-01,14364
1978-08-01,13297
1978-09-01,12.03
1978-10-01,9339
1978-11-01,6.3500000000000005
1978-12-01,3.74
1979-01-01,2.6790000000000003
1979-02-01,2841
1979-03-01,5474
1979-04-01,8455
1979-05-01,11.199000000000002
1979-06-01,13487
1979-07-01,14114
1979-08-01,13833
1979-09-01,12247
1979-10-01,9586
1979-11-01,6.2860000000000005
1979-12-01,4.6
1980-01-01,2.9560000000000004
1980-02-01,3.6519999999999997
1980-03-01,5.367000000000001
1980-04-01,8.934999999999997
1980-05-01,11.77
1980-06-01,13582
1980-07-01,14742
1980-08-01,14189
1980-09-01,12321
1980-10-01,9.55
1980-11-01,6684
1980-12-01,4016
1981-01-01,3785
1981-02-01,4021
1981-03-01,6239
1981-04-01,8953
1981-05-01,11565
1981-06-01,13765
1981-07-01,14738
1981-08-01,14502
1981-09-01,12236
1981-10-01,9394
1981-11-01,6273
1981-12-01,4519
1982-01-01,2.5580000000000003
1982-02-01,3281
1982-03-01,4873
1982-04-01,8465
1982-05-01,11348
1982-06-01,13245
1982-07-01,14545
1982-08-01,13796
1982-09-01,12.039000000000001
1982-10-01,9.232000000000001
1982-11-01,5961
1982-12-01,4327
1983-01-01,3.4450000000000003
1983-02-01,3.8139999999999996
1983-03-01,5699
1983-04-01,8693
1983-05-01,11.729000000000001
1983-06-01,13478
1983-07-01,14408
1983-08-01,14302
1983-09-01,12698
1983-10-01,9478
1983-11-01,6.7650000000000015
1983-12-01,3829
1984-01-01,2.9410000000000003
1984-02-01,3093
1984-03-01,5671
1984-04-01,8.431999999999999
1984-05-01,11976
1984-06-01,13387
1984-07-01,14429
1984-08-01,13.984000000000002
1984-09-01,12015
1984-10-01,9378
1984-11-01,5811
1984-12-01,3185
1985-01-01,3.01
1985-02-01,2704
1985-03-01,5.4510000000000005
1985-04-01,8633
1985-05-01,11.425999999999998
1985-06-01,13569
1985-07-01,13.972999999999999
1985-08-01,14.059000000000001
1985-09-01,11.98
1985-10-01,9338
1985-11-01,5968
1985-12-01,3785
1986-01-01,3315
1986-02-01,3991
1986-03-01,5755
1986-04-01,8.870999999999997
1986-05-01,11581
1986-06-01,13439
1986-07-01,14293
1986-08-01,13.972000000000001
1986-09-01,11.816999999999998
1986-10-01,9299
1986-11-01,5.9190000000000005
1986-12-01,3.7510000000000003
1987-01-01,3139
1987-02-01,4.1339999999999995
1987-03-01,5245
1987-04-01,8.594999999999999
1987-05-01,11525
1987-06-01,13927
1987-07-01,14.89
1987-08-01,13.895999999999999
1987-09-01,12.447000000000001
1987-10-01,9.59
1987-11-01,6056
1987-12-01,4489
1988-01-01,3.4539999999999997
1988-02-01,3.4219999999999997
1988-03-01,5931
1988-04-01,8.991999999999997
1988-05-01,11852
1988-06-01,14099
1988-07-01,14798
1988-08-01,14.552999999999999
1988-09-01,12681
1988-10-01,9979
1988-11-01,6295
1988-12-01,4363
1989-01-01,2.71
1989-02-01,3627
1989-03-01,5.792000000000001
1989-04-01,8689
1989-05-01,11.28
1989-06-01,13.447000000000001
1989-07-01,14612
1989-08-01,14135
1989-09-01,12403
1989-10-01,9.76
1989-11-01,6.178999999999999
1989-12-01,4.43
1990-01-01,3.2430000000000003
1990-02-01,3.6430000000000002
1990-03-01,6.73
1990-04-01,9169
1990-05-01,11831
1990-06-01,13893
1990-07-01,14784
1990-08-01,14095
1990-09-01,12195
1990-10-01,9882
1990-11-01,6.92
1990-12-01,4425
1991-01-01,3.1950000000000003
1991-02-01,4.0440000000000005
1991-03-01,5574
1991-04-01,9226
1991-05-01,11616
1991-06-01,14263
1991-07-01,14987
1991-08-01,14319
1991-09-01,12677
1991-10-01,9753
1991-11-01,6.44
1991-12-01,4059
1992-01-01,3.5789999999999997
1992-02-01,3931
1992-03-01,5.952000000000001
1992-04-01,8.572000000000001
1992-05-01,11.534999999999998
1992-06-01,13576
1992-07-01,14.139000000000001
1992-08-01,13.765999999999998
1992-09-01,11672
1992-10-01,9353
1992-11-01,5.888999999999999
1992-12-01,4075
1993-01-01,3301
1993-02-01,3745
1993-03-01,5.922999999999999
1993-04-01,8.69
1993-05-01,11475
1993-06-01,13518
1993-07-01,14595
1993-08-01,13835
1993-09-01,11.93
1993-10-01,9614
1993-11-01,5.7379999999999995
1993-12-01,4035
1994-01-01,3.0239999999999996
1994-02-01,2.81
1994-03-01,5731
1994-04-01,9018
1994-05-01,11.684000000000001
1994-06-01,14144
1994-07-01,14658
1994-08-01,13977
1994-09-01,12.515999999999998
1994-10-01,10002
1994-11-01,6.787999999999999
1994-12-01,4113
1995-01-01,3.54
1995-02-01,4.656000000000001
1995-03-01,5956
1995-04-01,8.972000000000001
1995-05-01,11.57
1995-06-01,14.164000000000001
1995-07-01,15116
1995-08-01,14636
1995-09-01,12565
1995-10-01,10106
1995-11-01,6761
1995-12-01,4123
1996-01-01,2862
1996-02-01,4.0120000000000005
1996-03-01,5524
1996-04-01,8679
1996-05-01,11588
1996-06-01,13681
1996-07-01,14827
1996-08-01,14603
1996-09-01,12294
1996-10-01,9525
1996-11-01,6.5470000000000015
1996-12-01,4325
1997-01-01,3165
1997-02-01,3766
1997-03-01,6.0120000000000005
1997-04-01,8891
1997-05-01,11593
1997-06-01,14.130999999999998
1997-07-01,14565
1997-08-01,14.255999999999998
1997-09-01,12685
1997-10-01,10109
1997-11-01,6841
1997-12-01,4417
1998-01-01,3.3520000000000003
1998-02-01,4.8260000000000005
1998-03-01,6023
1998-04-01,9358
1998-05-01,12291
1998-06-01,14521
1998-07-01,15.34
1998-08-01,14874
1998-09-01,12.672999999999998
1998-10-01,9941
1998-11-01,6404
1998-12-01,4.6690000000000005
1999-01-01,3.5439999999999996
1999-02-01,4694
1999-03-01,5.53
1999-04-01,8838
1999-05-01,11706
1999-06-01,14031
1999-07-01,14853
1999-08-01,14.347999999999999
1999-09-01,12723
1999-10-01,9997
1999-11-01,6.5920000000000005
1999-12-01,4565
2000-01-01,2.95
2000-02-01,4184
2000-03-01,6.218999999999999
2000-04-01,9552
2000-05-01,11874
2000-06-01,14.06
2000-07-01,14.847999999999999
2000-08-01,14519
2000-09-01,12547
2000-10-01,9486
2000-11-01,6312
2000-12-01,3863
2001-01-01,3.3360000000000003
2001-02-01,3.72
2001-03-01,6.207999999999999
2001-04-01,9245
2001-05-01,12271
2001-06-01,14.11
2001-07-01,15161
2001-08-01,14427
2001-09-01,12736
2001-10-01,9935
2001-11-01,7319
2001-12-01,4507
2002-01-01,4026
2002-02-01,4704
2002-03-01,6772
2002-04-01,9229
2002-05-01,12248
2002-06-01,14.084000000000001
2002-07-01,15354
2002-08-01,14.56
2002-09-01,12.95
2002-10-01,9988
2002-11-01,6892
2002-12-01,4038
2003-01-01,3.9810000000000003
2003-02-01,4085
2003-03-01,6.047999999999999
2003-04-01,9154
2003-05-01,12153
2003-06-01,14.017000000000001
2003-07-01,14.982999999999999
2003-08-01,14691
2003-09-01,12911
2003-10-01,10.424000000000001
2003-11-01,6727
2003-12-01,5.132999999999999
2004-01-01,3.5250000000000004
2004-02-01,4.4990000000000006
2004-03-01,6.321000000000001
2004-04-01,9249
2004-05-01,11571
2004-06-01,13.889000000000001
2004-07-01,14.312000000000001
2004-08-01,14.187999999999999
2004-09-01,12.642000000000001
2004-10-01,10127
2004-11-01,7315
2004-12-01,4257
2005-01-01,3.8080000000000003
2005-02-01,3.92
2005-03-01,6.5440000000000005
2005-04-01,9618
2005-05-01,12226
2005-06-01,14476
2005-07-01,15.19
2005-08-01,14.51
2005-09-01,13217
2005-10-01,10601
2005-11-01,7.422999999999999
2005-12-01,4878
2006-01-01,3286
2006-02-01,4.43
2006-03-01,6.3290000000000015
2006-04-01,9055
2006-05-01,11786
2006-06-01,14443
2006-07-01,15042
2006-08-01,14913
2006-09-01,12875
2006-10-01,10.289000000000001
2006-11-01,6955
2006-12-01,4987
2007-01-01,4.5790000000000015
2007-02-01,4221
2007-03-01,6485
2007-04-01,9823
2007-05-01,12518
2007-06-01,14.309000000000001
2007-07-01,15.23
2007-08-01,14752
2007-09-01,12.93
2007-10-01,10332
2007-11-01,7.0840000000000005
2007-12-01,4523
2008-01-01,2.8440000000000003
2008-02-01,3576
2008-03-01,6.906000000000001
2008-04-01,9295
2008-05-01,12.053999999999998
2008-06-01,14145
2008-07-01,15.174000000000001
2008-08-01,14377
2008-09-01,12802
2008-10-01,10.399000000000001
2008-11-01,7224
2008-12-01,4385
2009-01-01,3687
2009-02-01,4.093999999999999
2009-03-01,6086
2009-04-01,9367
2009-05-01,12.111999999999998
2009-06-01,14201
2009-07-01,15231
2009-08-01,14655
2009-09-01,13153
2009-10-01,10.136000000000001
2009-11-01,7.031000000000001
2009-12-01,4.31
2010-01-01,3737
2010-02-01,4399
2010-03-01,6.7379999999999995
2010-04-01,9671
2010-05-01,12406
2010-06-01,14421
2010-07-01,15213
2010-08-01,14.767999999999999
2010-09-01,12863
2010-10-01,10442
2010-11-01,7487
2010-12-01,4292
2011-01-01,3282
2011-02-01,3.7430000000000003
2011-03-01,6101
2011-04-01,9483
2011-05-01,11986
2011-06-01,14.37
2011-07-01,15.482000000000001
2011-08-01,15012
2011-09-01,12912
2011-10-01,10352
2011-11-01,6814
2011-12-01,4.6549999999999985
2012-01-01,3157
2012-02-01,3628
2012-03-01,6023
2012-04-01,9.675999999999998
2012-05-01,12.59
2012-06-01,14492
2012-07-01,15.075999999999999
2012-08-01,14.72
2012-09-01,13.04
2012-10-01,10428
2012-11-01,7.1560000000000015
2012-12-01,4102
2013-01-01,3685
2013-02-01,4222
2013-03-01,6261
2013-04-01,9044
2013-05-01,12195
2013-06-01,14568
2013-07-01,15003
2013-08-01,14742
2013-09-01,13.154000000000002
2013-10-01,10.255999999999998
2013-11-01,7.4239999999999995
2013-12-01,4724
2014-01-01,3.7319999999999998
2014-02-01,3.5
2014-03-01,6.377999999999999
2014-04-01,9589
2014-05-01,12582
2014-06-01,14335
2014-07-01,14873
2014-08-01,14875
2014-09-01,13091
2014-10-01,10.33
2014-11-01,6.712999999999999
2014-12-01,4.85
2015-01-01,3881
2015-02-01,4664
2015-03-01,6.74
2015-04-01,9313
2015-05-01,12.312000000000001
2015-06-01,14505
2015-07-01,15.050999999999998
2015-08-01,14755
2015-09-01,12999
2015-10-01,10.800999999999998
2015-11-01,7433
2015-12-01,5518
